point,type,elevation_ft,inches,nearest_quarter_in,transition,note
3,Shoring,-0.637,-7.6,"7 3/4""","Drops down 7.6 inches (~7 3/4"")",
4,new,0.200,2.4,"2 1/2""","Rises up 2.4 inches (~2 1/2"")",
5,test,0.000,0.0,,At datum - no change (0.0 in.),
6,new,0.159,1.9,"2""","Rises up 1.9 inches (~2"")",
7,new,0.200,2.4,"2 1/2""","Rises up 2.4 inches (~2 1/2"")",
8,new,0.250,3.0,"3""","Rises up 3.0 inches (~3"")",
9,new,0.000,0.0,,At datum - no change (0.0 in.),
10,new,0.010,0.1,"<1/4""","Rises up 0.1 inches (~<1/4"")",
11,new,0.245,2.9,"3""","Rises up 2.9 inches (~3"")",
13,new,0.167,2.0,"2""","Rises up 2.0 inches (~2"")",
14,new,0.159,1.9,"2""","Rises up 1.9 inches (~2"")",
15,new,0.159,1.9,"2""","Rises up 1.9 inches (~2"")",
16,new,0.200,2.4,"2 1/2""","Rises up 2.4 inches (~2 1/2"")",
18,new,0.200,2.4,"2 1/2""","Rises up 2.4 inches (~2 1/2"")",
19,new,0.213,2.6,"2 1/2""","Rises up 2.6 inches (~2 1/2"")",
20,new,0.066,0.8,"3/4""","Rises up 0.8 inches (~3/4"")",
21,new,0.240,2.9,"3""","Rises up 2.9 inches (~3"")",
22,new,0.169,2.0,"2""","Rises up 2.0 inches (~2"")",
23,TC,0.229,2.7,"2 3/4""","Rises up 2.7 inches (~2 3/4"")",
24,new,0.256,3.1,"3""","Rises up 3.1 inches (~3"")",
25,new,0.200,2.4,"2 1/2""","Rises up 2.4 inches (~2 1/2"")",
26,new,0.205,2.5,"2 1/2""","Rises up 2.5 inches (~2 1/2"")",
28,new,0.200,2.4,"2 1/2""","Rises up 2.4 inches (~2 1/2"")",
29,new,0.200,2.4,"2 1/2""","Rises up 2.4 inches (~2 1/2"")",
30,new,0.000,0.0,,At datum - no change (0.0 in.),
31,new TC,0.279,3.3,"3 1/4""","Rises up 3.3 inches (~3 1/4"")",
,new,0.250,3.0,"3""","Rises up 3.0 inches (~3"")",point no. illegible on sheet
33,new TC,0.250,3.0,"3""","Rises up 3.0 inches (~3"")",
34,new,0.090,1.1,"1""","Rises up 1.1 inches (~1"")",
100,EP,0.102,1.2,"1 1/4""","Rises up 1.2 inches (~1 1/4"")",
101,EP,0.066,0.8,"3/4""","Rises up 0.8 inches (~3/4"")",labels 101/102 overprint - verify
102,EP,0.019,0.2,"1/4""","Rises up 0.2 inches (~1/4"")",labels 101/102 overprint - verify
103,EP,0.087,1.0,"1""","Rises up 1.0 inches (~1"")",
104,EP,0.169,2.0,"2""","Rises up 2.0 inches (~2"")",
105,EP,0.166,2.0,"2""","Rises up 2.0 inches (~2"")",
106,EP,0.121,1.5,"1 1/2""","Rises up 1.5 inches (~1 1/2"")",
107,EP,0.111,1.3,"1 1/4""","Rises up 1.3 inches (~1 1/4"")",
108,EP,0.078,0.9,"1""","Rises up 0.9 inches (~1"")",
109,EP,-0.056,-0.7,"3/4""","Drops down 0.7 inches (~3/4"")",
110,EP,-0.145,-1.7,"1 3/4""","Drops down 1.7 inches (~1 3/4"")",
111,EP,-0.110,-1.3,"1 1/4""","Drops down 1.3 inches (~1 1/4"")",
112,EP,-0.020,-0.2,"1/4""","Drops down 0.2 inches (~1/4"")",
113,EP,-0.104,-1.2,"1 1/4""","Drops down 1.2 inches (~1 1/4"")",
114,MS,-0.085,-1.0,"1""","Drops down 1.0 inches (~1"")",
115,MS,-0.055,-0.7,"3/4""","Drops down 0.7 inches (~3/4"")",
116,MS,-0.040,-0.5,"1/2""","Drops down 0.5 inches (~1/2"")",
117,MS,0.005,0.1,"<1/4""","Rises up 0.1 inches (~<1/4"")",
118,MS,0.048,0.6,"1/2""","Rises up 0.6 inches (~1/2"")",
119,MS,0.097,1.2,"1 1/4""","Rises up 1.2 inches (~1 1/4"")",
120,MS,0.060,0.7,"3/4""","Rises up 0.7 inches (~3/4"")",
121,MS,0.058,0.7,"3/4""","Rises up 0.7 inches (~3/4"")",
122,MS,0.027,0.3,"1/4""","Rises up 0.3 inches (~1/4"")",
123,MS,0.049,0.6,"1/2""","Rises up 0.6 inches (~1/2"")",
124,MS,-0.034,-0.4,"1/2""","Drops down 0.4 inches (~1/2"")",
125,TC,0.247,3.0,"3""","Rises up 3.0 inches (~3"")",
126,TC,0.235,2.8,"2 3/4""","Rises up 2.8 inches (~2 3/4"")",
127,TC,0.239,2.9,"2 3/4""","Rises up 2.9 inches (~2 3/4"")",
128,TC,0.304,3.6,"3 3/4""","Rises up 3.6 inches (~3 3/4"")",
129,TC,0.254,3.0,"3""","Rises up 3.0 inches (~3"")",
130,TC,0.159,1.9,"2""","Rises up 1.9 inches (~2"")",
131,SW,0.056,0.7,"3/4""","Rises up 0.7 inches (~3/4"")",
132,SW,0.043,0.5,"1/2""","Rises up 0.5 inches (~1/2"")",
133,SW,0.308,3.7,"3 3/4""","Rises up 3.7 inches (~3 3/4"")",
134,SW,0.201,2.4,"2 1/2""","Rises up 2.4 inches (~2 1/2"")",
135,SW,0.194,2.3,"2 1/4""","Rises up 2.3 inches (~2 1/4"")",
136,SW,0.093,1.1,"1""","Rises up 1.1 inches (~1"")",
137,SW,0.170,2.0,"2""","Rises up 2.0 inches (~2"")",
138,SW,0.077,0.9,"1""","Rises up 0.9 inches (~1"")",
139,SW,0.001,0.0,,At datum - no change (0.0 in.),
140,SW,0.019,0.2,"1/4""","Rises up 0.2 inches (~1/4"")",
141,SW,0.106,1.3,"1 1/4""","Rises up 1.3 inches (~1 1/4"")",
142,SW,0.152,1.8,"1 3/4""","Rises up 1.8 inches (~1 3/4"")",
143,SW,0.193,2.3,"2 1/4""","Rises up 2.3 inches (~2 1/4"")",
144,SW,0.124,1.5,"1 1/2""","Rises up 1.5 inches (~1 1/2"")",
145,SW,0.026,0.3,"1/4""","Rises up 0.3 inches (~1/4"")",
147,SW,0.007,0.1,"<1/4""","Rises up 0.1 inches (~<1/4"")",
148,SW,0.102,1.2,"1 1/4""","Rises up 1.2 inches (~1 1/4"")",
149,SW,-0.071,-0.9,"3/4""","Drops down 0.9 inches (~3/4"")",
150,SW,0.107,1.3,"1 1/4""","Rises up 1.3 inches (~1 1/4"")",
151,AC,0.008,0.1,"<1/4""","Rises up 0.1 inches (~<1/4"")",
152,AC,-0.036,-0.4,"1/2""","Drops down 0.4 inches (~1/2"")",
153,AC,0.001,0.0,,At datum - no change (0.0 in.),
154,Shoring,-0.448,-5.4,"5 1/2""","Drops down 5.4 inches (~5 1/2"")",
155,Apron,-0.054,-0.6,"3/4""","Drops down 0.6 inches (~3/4"")",
156,Shoring,-0.728,-8.7,"8 3/4""","Drops down 8.7 inches (~8 3/4"")",
157,Shoring,-0.629,-7.5,"7 1/2""","Drops down 7.5 inches (~7 1/2"")",
158,Shoring,-0.656,-7.9,"7 3/4""","Drops down 7.9 inches (~7 3/4"")",
159,Shoring,-0.599,-7.2,"7 1/4""","Drops down 7.2 inches (~7 1/4"")",
160,Shoring,-0.682,-8.2,"8 1/4""","Drops down 8.2 inches (~8 1/4"")",
161,Shoring,-0.700,-8.4,"8 1/2""","Drops down 8.4 inches (~8 1/2"")",
162,apron,-0.042,-0.5,"1/2""","Drops down 0.5 inches (~1/2"")",
163,Shoring,-0.668,-8.0,"8""","Drops down 8.0 inches (~8"")",
164,apron,-0.052,-0.6,"1/2""","Drops down 0.6 inches (~1/2"")",
165,Shoring,-0.682,-8.2,"8 1/4""","Drops down 8.2 inches (~8 1/4"")",
166,apron,-0.019,-0.2,"1/4""","Drops down 0.2 inches (~1/4"")",
167,Shoring,-0.650,-7.8,"7 3/4""","Drops down 7.8 inches (~7 3/4"")",
168,Shoring,-0.676,-8.1,"8""","Drops down 8.1 inches (~8"")",
169,Shoring,-0.610,-7.3,"7 1/4""","Drops down 7.3 inches (~7 1/4"")",
170,Shoring,-0.621,-7.5,"7 1/2""","Drops down 7.5 inches (~7 1/2"")",
171,Shoring,-0.602,-7.2,"7 1/4""","Drops down 7.2 inches (~7 1/4"")",
172,Shoring,-0.632,-7.6,"7 1/2""","Drops down 7.6 inches (~7 1/2"")",
173,Shoring,-0.656,-7.9,"7 3/4""","Drops down 7.9 inches (~7 3/4"")",
174,Shoring,-0.604,-7.2,"7 1/4""","Drops down 7.2 inches (~7 1/4"")",
175,Shoring,-0.571,-6.9,"6 3/4""","Drops down 6.9 inches (~6 3/4"")",
176,Shoring,-0.559,-6.7,"6 3/4""","Drops down 6.7 inches (~6 3/4"")",
177,apron,0.020,0.2,"1/4""","Rises up 0.2 inches (~1/4"")",
178,Shoring,-0.544,-6.5,"6 1/2""","Drops down 6.5 inches (~6 1/2"")",
179,Shoring,-0.475,-5.7,"5 3/4""","Drops down 5.7 inches (~5 3/4"")",
180,apron,0.147,1.8,"1 3/4""","Rises up 1.8 inches (~1 3/4"")",
181,Shoring,-0.535,-6.4,"6 1/2""","Drops down 6.4 inches (~6 1/2"")",
182,Shoring,-0.612,-7.3,"7 1/4""","Drops down 7.3 inches (~7 1/4"")",
183,Shoring,-0.639,-7.7,"7 3/4""","Drops down 7.7 inches (~7 3/4"")",
184,Shoring,-0.587,-7.0,"7""","Drops down 7.0 inches (~7"")",
185,Shoring,-0.572,-6.9,"6 3/4""","Drops down 6.9 inches (~6 3/4"")",
186,Shoring,-0.636,-7.6,"7 3/4""","Drops down 7.6 inches (~7 3/4"")",
187,Shoring,-0.558,-6.7,"6 3/4""","Drops down 6.7 inches (~6 3/4"")",
188,Shoring,-0.561,-6.7,"6 3/4""","Drops down 6.7 inches (~6 3/4"")",
189,Shoring,-0.454,-5.4,"5 1/2""","Drops down 5.4 inches (~5 1/2"")",
190,apron,0.114,1.4,"1 1/4""","Rises up 1.4 inches (~1 1/4"")",
191,apron,0.131,1.6,"1 1/2""","Rises up 1.6 inches (~1 1/2"")",
192,apron,0.133,1.6,"1 1/2""","Rises up 1.6 inches (~1 1/2"")",
193,Shoring,-0.468,-5.6,"5 1/2""","Drops down 5.6 inches (~5 1/2"")",
194,Shoring,-0.437,-5.2,"5 1/4""","Drops down 5.2 inches (~5 1/4"")",
195,Shoring,-0.437,-5.2,"5 1/4""","Drops down 5.2 inches (~5 1/4"")",
196,Shoring,-0.491,-5.9,"6""","Drops down 5.9 inches (~6"")",
197,Shoring,-0.461,-5.5,"5 1/2""","Drops down 5.5 inches (~5 1/2"")",
198,Shoring,-0.368,-4.4,"4 1/2""","Drops down 4.4 inches (~4 1/2"")",
199,Shoring,-0.445,-5.3,"5 1/4""","Drops down 5.3 inches (~5 1/4"")",
200,Shoring,-0.414,-5.0,"5""","Drops down 5.0 inches (~5"")",
201,Shoring,-0.367,-4.4,"4 1/2""","Drops down 4.4 inches (~4 1/2"")",
202,Shoring,-0.378,-4.5,"4 1/2""","Drops down 4.5 inches (~4 1/2"")",
203,Shoring,-0.430,-5.2,"5 1/4""","Drops down 5.2 inches (~5 1/4"")",
204,Shoring,-0.515,-6.2,"6 1/4""","Drops down 6.2 inches (~6 1/4"")",
205,Shoring,-0.462,-5.5,"5 1/2""","Drops down 5.5 inches (~5 1/2"")",
206,Shoring,-0.422,-5.1,"5""","Drops down 5.1 inches (~5"")",
207,Shoring,-0.384,-4.6,"4 1/2""","Drops down 4.6 inches (~4 1/2"")",
208,Shoring,-0.380,-4.6,"4 1/2""","Drops down 4.6 inches (~4 1/2"")",
209,Shoring,-0.358,-4.3,"4 1/4""","Drops down 4.3 inches (~4 1/4"")",
210,Shoring,-0.378,-4.5,"4 1/2""","Drops down 4.5 inches (~4 1/2"")",
211,Shoring,-0.402,-4.8,"4 3/4""","Drops down 4.8 inches (~4 3/4"")",
212,Shoring,-0.411,-4.9,"5""","Drops down 4.9 inches (~5"")",
213,Shoring,-0.379,-4.5,"4 1/2""","Drops down 4.5 inches (~4 1/2"")",
214,Shoring,-0.317,-3.8,"3 3/4""","Drops down 3.8 inches (~3 3/4"")",
215,apron,0.283,3.4,"3 1/2""","Rises up 3.4 inches (~3 1/2"")",
216,Shoring,-0.322,-3.9,"3 3/4""","Drops down 3.9 inches (~3 3/4"")",
217,Shoring,-0.435,-5.2,"5 1/4""","Drops down 5.2 inches (~5 1/4"")",
218,Shoring,-0.453,-5.4,"5 1/2""","Drops down 5.4 inches (~5 1/2"")",
219,Shoring,-0.440,-5.3,"5 1/4""","Drops down 5.3 inches (~5 1/4"")",
220,Shoring,-0.367,-4.4,"4 1/2""","Drops down 4.4 inches (~4 1/2"")",
221,Shoring,-0.354,-4.2,"4 1/4""","Drops down 4.2 inches (~4 1/4"")",
222,Shoring,-0.409,-4.9,"5""","Drops down 4.9 inches (~5"")",
223,Shoring,-0.356,-4.3,"4 1/4""","Drops down 4.3 inches (~4 1/4"")",
224,Shoring,-0.403,-4.8,"4 3/4""","Drops down 4.8 inches (~4 3/4"")",
225,Shoring,-0.612,-7.3,"7 1/4""","Drops down 7.3 inches (~7 1/4"")",
226,Shoring,-0.326,-3.9,"4""","Drops down 3.9 inches (~4"")",
227,Shoring,-0.357,-4.3,"4 1/4""","Drops down 4.3 inches (~4 1/4"")",
228,apron,0.366,4.4,"4 1/2""","Rises up 4.4 inches (~4 1/2"")",
229,apron,0.283,3.4,"3 1/2""","Rises up 3.4 inches (~3 1/2"")",
230,Tp found,-0.324,-3.9,"4""","Drops down 3.9 inches (~4"")",
231,Tp found,0.295,3.5,"3 1/2""","Rises up 3.5 inches (~3 1/2"")",
232,Tp found,0.348,4.2,"4 1/4""","Rises up 4.2 inches (~4 1/4"")",
233,Tp found,0.343,4.1,"4""","Rises up 4.1 inches (~4"")",
234,Apron,0.331,4.0,"4""","Rises up 4.0 inches (~4"")",
